odor,mean,std
2,0.6516412753912754,0.0952138346697935
3,0.7937257187257187,0.08892831819707377
4,0.4513654401154401,0.14787584066386716
5,0.46849594849594844,0.15717209990054218
